504172,The Mule
480530,Creed II
405774,Bird Box
429197,Vice
369972,First Man
424694,Bohemian Rhapsody
440626,Sobibor
505954,T-34
426426,Roma
375262,The Favourite
446021,Bad Times at the El Royale
484247,A Simple Favor
332562,A Star Is Born
487558,BlacKkKlansman
470044,The Hate U Give
407436,Mowgli: Legend of the Jungle
398173,The House That Jack Built
438808,White Boy Rick
569547,Black Mirror: Bandersnatch
458594,Peppermint
399360,Alpha
446101,Assassination Nation
447332,A Quiet Place
489999,Searching
450465,Glass
429203,The Old Man & the Gun
157336,Interstellar
155,The Dark Knight
455207,Crazy Rich Asians
315635,Spider-Man: Homecoming
263115,Logan
446807,The Girl in the Spider's Web
337167,Fifty Shades Freed
8966,Twilight
210577,Gone Girl
451925,Time Freak
150540,Inside Out
474354,22 July
316029,The Greatest Showman
400535,Sicario: Day of the Soldado
334543,Lion
490132,Green Book
399055,The Shape of Water
454227,Outlaw King
272,Batman Begins
374720,Dunkirk
466411,Speed Kills
500475,SuperFly
489931,American Animals
460071,Lizzie
228150,Fury
489930,Blindspotting
49026,The Dark Knight Rises
440472,The Upside
449459,The Vanishing
194662,Birdman
451915,Beautiful Boy
150689,Cinderella
286217,The Martian
472734,Dumplin'
11324,Shutter Island
119450,Dawn of the Planet of the Apes
329865,Arrival
406997,Wonder
68718,Django Unchained
168259,Furious 7
244786,Whiplash
273248,The Hateful Eight
438145,Black '47
1124,The Prestige
455980,Tag
216015,Fifty Shades of Grey
313369,La La Land
468362,The Angel
537996,The Ballad of Buster Scruggs
242582,Nightcrawler
16869,Inglourious Basterds
443009,"Don't Worry, He Won't Get Far on Foot"
391713,Lady Bird
295011,Patient Zero
486947,The Guilty
503346,Occupation
359940,"Three Billboards Outside Ebbing, Missouri"
49047,Gravity
412862,Ratsasan
429351,12 Strong
381284,Hidden Figures
18239,The Twilight Saga: New Moon
350,The Devil Wears Prada
106646,The Wolf of Wall Street
361292,Suspiria
205596,The Imitation Game
390874,Ashes in the Snow
476292,Maquia: When the Promised Flower Blooms
254128,San Andreas
38,Eternal Sunshine of the Spotless Mind
281338,War for the Planet of the Apes
496274,The Thinning: New World Order
470229,Summer of 84
458737,First Reformed
396371,Molly's Game
395834,Wind River
395841,Hold the Dark
392044,Murder on the Orient Express
273481,Sicario
6977,No Country for Old Men
152601,Her
448776,A Prayer Before Dawn
470894,At First Light
6479,I Am Legend
419743,Disobedience
324786,Hacksaw Ridge
264660,Ex Machina
372058,Your Name.
425972,Cargo
1422,The Departed
453201,The 15:17 to Paris
346672,Underworld: Blood Wars
72190,World War Z
562278,Mon ami Walid
401905,Fahrenheit 451
281957,The Revenant
339103,Gotti
459910,Braven
454610,Anthem of a Teenage Prophet
341174,Fifty Shades Darker
499963,The Aspern Papers
429191,A Fantastic Woman
77338,The Intouchables
222935,The Fault in Our Stars
508763,A Dog's Way Home
400617,Phantom Thread
481117,The Brawler
530442,"My Teacher, My Obsession"
406990,What Happened to Monday
464502,Acrimony
278927,The Jungle Book
312221,Creed
399404,Darkest Hour
429415,Extinction
50620,The Twilight Saga: Breaking Dawn - Part 2
376867,Moonlight
147441,Exodus: Gods and Kings
49017,Dracula Untold
400579,Tully
315837,Ghost in the Shell
395991,Only the Brave
335797,Sing
398818,Call Me by Your Name
437586,Mid90s
220882,London Fields
24021,The Twilight Saga: Eclipse
505192,Shoplifters
463858,The Freshmen
332567,The Shallows
168672,American Hustle
318846,The Big Short
112160,Sexual Chronicles of a French Family
2503,The Bourne Ultimatum
17979,A Christmas Carol
61791,Rise of the Planet of the Apes
120467,The Grand Budapest Hotel
11130,The Princess Diaries 2: Royal Engagement
64682,The Great Gatsby
440298,Cold War
419478,Midnight Sun
389015,"I, Tonya"
395990,Death Wish
429417,Ghost Stories
44214,Black Swan
68734,Argo
399905,Female War: A Nasty Deal
82693,Silver Linings Playbook
122906,About Time
401469,Widows
154400,The Drop
11036,The Notebook
296096,Me Before You
561362,Rust Creek
274857,King Arthur: Legend of the Sword
76203,12 Years a Slave
652,Troy
340674,Dark Crimes
395992,Life
446354,The Post
500919,211
475094,The Captain
460868,The Accidental Prime Minister
398181,You Were Never Really Here
363676,Sully
283366,Miss Peregrine's Home for Peculiar Children
414191,Our House
314365,Spotlight
2502,The Bourne Supremacy
449176,"Love, Simon"
12405,Slumdog Millionaire
339380,On the Basis of Sex
83542,Cloud Atlas
37799,The Social Network
379149,The Foreigner
1402,The Pursuit of Happyness
433498,Papillon
399170,Logan Lucky
58595,Snow White and the Huntsman
205587,The Judge
554600,Uri: The Surgical Strike
381289,A Dog's Purpose
462919,Sierra Burgess Is a Loser
68724,Elysium
176147,Secret Love: The Schoolboy and the Mailwoman
489925,Eighth Grade
381283,mother!
290595,The Huntsman: Winter's War
454652,Colette
400928,Gifted
307081,Southpaw
385332,Terminal
64690,Drive
339988,The Circle
493006,Detective Conan: Zero the Enforcer
303991,Demolition
7840,"10,000 BC"
340666,Nocturnal Animals
489927,The Kindergarten Teacher
4982,American Gangster
302946,The Accountant
65754,The Girl with the Dragon Tattoo
1491,The Illusionist
489929,Destination Wedding
146233,Prisoners
109424,Captain Phillips
388,Inside Man
433683,History of the First Kazakh Khans. The Diamond Sword
449924,Ip Man 4
351044,Welcome to Marwen
419831,I Kill Giants
417261,Forever My Girl
536176,Brexit: The Uncivil War
62764,Mirror Mirror
39254,Real Steel
274870,Passengers
384680,Hostiles
124905,Godzilla
571030,La Palma
137094,Jack Ryan: Shadow Recruit
9509,Man on Fire
171274,Inherent Vice
520360,King of Thieves
414001,The Mercy
339692,Shot Caller
1949,Zodiac
345920,Collateral Beauty
334522,Alone in Berlin
440161,The Sisters Brothers
87827,Life of Pi
435577,The 12th Man
20662,Robin Hood
525554,The Bouncer
470878,I Can Only Imagine
530154,Lust Stories
19913,(500) Days of Summer
244761,The Captive
426613,The Miseducation of Cameron Post
296524,Deepwater Horizon
1538,Collateral
369523,The Tale
787,Mr. & Mrs. Smith
334541,Manchester by the Sea
227306,Unbroken
543709,Adriana Lecouvreur - Met Opera Live
394117,The Florida Project
418078,It Comes at Night
1495,Kingdom of Heaven
370663,Below Her Mouth
28178,Hachi: A Dog's Tale
399057,The Killing of a Sacred Deer
13374,Ice Princess
306819,The Danish Girl
72570,The Vow
491472,At Eternity's Gate
116745,The Secret Life of Walter Mitty
96721,Rush
371638,The Disaster Artist
84892,The Perks of Being a Wallflower
296098,Bridge of Spies
207932,Inferno
446791,All the Money in the World
1417,Pan's Labyrinth
45269,The King's Speech
110415,Snowpiercer
18240,The Proposal
241554,Run All Night
2567,The Aviator
523882,Aren't You Happy?
536413,"Junpei, Think Again"
254320,The Lobster
416194,The Quake
9693,Children of Men
483184,Dogman
393519,Raw
82695,Les Misérables
86834,Noah
44826,Hugo
1427,Perfume: The Story of a Murderer
507419,Inba Twinkle Lilly
561,Constantine
491584,Burning
372343,The Snowman
15472,The Girl with the Dragon Tattoo
76726,Chronicle
443463,Leave No Trace
429200,Good Time
347984,6 Days
570871,The Final Land
365942,The Space Between Us
13223,Gran Torino
295964,Burnt
418827,Sister's Younger Husband
169917,A Walk Among the Tombstones
4922,The Curious Case of Benjamin Button
395458,Suburbicon
429195,Dark River
70,Million Dollar Baby
333371,10 Cloverfield Lane
8456,Never Back Down
396461,Under the Silver Lake
566402,Vinaya Vidheya Rama
290098,The Handmaiden
487416,Golden Youth
378064,A Silent Voice
193756,Lone Survivor
45317,The Fighter
502682,Book Club
17431,Moon
258216,Nymphomaniac: Vol. I
65057,The Descendants
346685,The Girl on the Train
301337,Downsizing
264644,Room
541737,G'stätten
9762,Step Up
462391,Aan Devathai
550958,Holy Lands
20069,Manual of Love 2
310307,The Founder
5915,Into the Wild
1164,Babel
27022,The Sorcerer's Apprentice
519185,Ayka
253412,Everest
